pvote,wc,south,dem,te,censor
0.620000005,0.003442,0,0,26,0
0.620000005,0.010986,0,0,50,1
0.589999974,0.142588004,1,0,26,0
0.589999974,0.158570006,1,0,53,0
0.589999974,0.202870995,1,0,65,0
0.589999974,0.217207,1,0,75,0
0.939999998,0.432525009,1,0,26,0
0.939999998,0.451756001,1,0,53,0
0.939999998,0.405023009,1,0,61,0
0.730000019,0.030152,1,1,26,0
0.730000019,0.072089002,1,1,53,0
0.730000019,0.090218,1,1,61,0
0.959999979,0.511511028,1,1,26,0
0.959999979,0.563036978,1,1,53,0
0.959999979,0.558185995,1,1,65,0
0.959999979,0.567032993,1,1,75,0
0.660000026,0.281976998,1,1,26,0
0.660000026,0.311349988,1,1,53,0
0.660000026,0.310184985,1,1,65,0
0.660000026,0.354562998,1,1,75,0
0.670000017,0.087587997,1,1,26,0
0.670000017,0.125271007,1,1,53,0
0.670000017,0.164531007,1,1,65,0
0.670000017,0.175205007,1,1,68,0
1,0.039476998,1,1,26,0
1,0.046769999,1,1,46,0
0.74000001,0.347779989,1,0,26,0
0.74000001,0.403845996,1,0,53,0
0.74000001,0.407204002,1,0,65,0
0.74000001,0.471639991,1,0,66,0
0.689999998,0.350430012,1,1,26,0
0.689999998,0.354193985,1,1,53,0
0.689999998,0.315373003,1,1,65,0
0.689999998,0.350452006,1,1,74,0
0.720000029,0.011031,0,0,26,0
0.720000029,0.015541,0,0,53,0
0.720000029,0.057985999,0,0,65,0
0.720000029,0.047403,0,0,78,0
0.720000029,0.010157,0,0,89,0
0.730000019,0.050310999,0,1,26,0
0.730000019,0.075879,0,1,53,0
0.730000019,0.069753997,0,1,65,0
0.730000019,0.087732002,0,1,71,0
0.680000007,0.132231995,0,0,26,0
0.680000007,0.131034002,0,0,53,0
0.680000007,0.176928997,0,0,65,0
0.680000007,0.210143998,0,0,75,0
0.870000005,0.219279006,0,0,26,0
0.870000005,0.235984996,0,0,53,0
0.870000005,0.395033002,0,0,56,0
0.670000017,0.018468,0,0,26,0
0.670000017,0.017013,0,0,53,0
0.670000017,0.021153999,0,0,65,0
0.670000017,0.042633999,0,0,78,0
0.670000017,0.063366003,0,0,89,0
0.620000005,0.006686,0,1,26,0
0.620000005,0.008179,0,1,31,1
0.579999983,0.032457002,0,0,26,0
0.579999983,0.088656001,0,0,53,0
0.579999983,0.114643,0,0,65,0
0.579999983,0.160114005,0,0,68,0
0.709999979,0.777360022,0,1,10,0
0.99000001,0.500064015,0,1,26,0
0.99000001,0.50286299,0,1,53,0
0.99000001,0.510455012,0,1,56,0
0.75999999,0.048106,0,1,26,0
0.75999999,0.081231996,0,1,53,0
0.75999999,0.229485005,0,1,61,0
0.730000019,0.256011009,0,1,26,0
0.730000019,0.315483004,0,1,53,0
0.730000019,0.342997998,0,1,63,0
0.680000007,0.464267999,0,1,26,0
0.680000007,0.480017006,0,1,53,0
0.680000007,0.477423012,0,1,63,0
0.550000012,0.111400001,0,1,26,0
0.550000012,0.097549997,0,1,53,0
0.550000012,0.112273,0,1,65,0
0.550000012,0.086057998,0,1,75,0
0.720000029,0.209027007,0,1,26,0
0.720000029,0.243198007,0,1,53,0
0.720000029,0.247213006,0,1,55,0
0.860000014,0.024604,0,1,26,0
0.860000014,0.043653,0,1,53,0
0.860000014,0.020780999,0,1,65,0
0.860000014,0.069799997,0,1,75,0
0.699999988,0.470182002,0,1,26,0
0.50999999,0.148543999,0,0,26,0
0.50999999,0.218990996,0,0,53,0
0.50999999,0.286235988,0,0,65,0
0.50999999,0.478374004,0,0,75,0
0.670000017,0.333748013,0,1,26,0
0.670000017,0.368526012,0,1,53,0
0.670000017,0.331946999,0,1,65,0
0.670000017,0.360251009,0,1,75,0
0.660000026,0.008612,0,1,26,0
0.790000021,0.167969003,0,1,26,0
0.790000021,0.147036999,0,1,53,0
0.790000021,0.164969996,0,1,65,0
0.790000021,0.198607996,0,1,72,1
0.709999979,0.044091001,0,0,19,0
0.689999998,0.096139997,0,1,26,0
0.689999998,0.101175003,0,1,53,0
0.689999998,0.090554997,0,1,65,0
0.689999998,0.127525002,0,1,75,0
0.5,0.108419001,0,0,26,0
0.5,0.121893004,0,0,53,0
0.709999979,0.163551003,0,0,26,0
0.709999979,0.187683001,0,0,53,0
0.709999979,0.158756003,0,0,65,0
0.709999979,0.201291993,0,0,75,0
0.689999998,0.182124004,0,0,26,0
0.689999998,0.173008993,0,0,52,0
0.689999998,0.616181016,0,0,26,0
0.689999998,0.720386028,0,0,53,0
0.689999998,0.702952027,0,0,61,0
0.629999995,0.008706,0,1,17,0
0.720000029,0.255632013,0,1,26,0
0.720000029,0.465297014,0,1,53,0
0.720000029,0.489695013,0,1,62,0
0.850000024,0.137474999,0,1,26,0
0.850000024,0.197879001,0,1,53,0
0.850000024,0.198018998,0,1,65,0
0.850000024,0.196431994,0,1,75,0
0.699999988,0.108397,0,1,26,0
0.699999988,0.313300014,0,1,53,0
0.699999988,0.307341009,0,1,65,0
0.699999988,0.274309009,0,1,75,0
0.670000017,1.418380022,0,1,26,0
0.670000017,1.485730052,0,1,53,0
0.670000017,1.563989997,0,1,59,0
0.75999999,0.077895999,0,1,26,0
0.75999999,0.074156001,0,1,53,0
0.75999999,0.067469001,0,1,65,0
0.75999999,0.115419,0,1,67,0
0.589999974,0.056906,0,1,13,0
0.709999979,0.011425,0,1,26,0
0.709999979,0.005727,0,1,53,0
0.709999979,0.018851001,0,1,65,0
0.709999979,0.000921,0,1,75,1
0.660000026,0.152913004,0,1,26,0
0.660000026,0.147259995,0,1,39,0
0.689999998,1.28918004,0,0,26,0
0.689999998,1.45709002,0,0,53,0
0.689999998,1.450270057,0,0,65,0
0.689999998,1.514660001,0,0,67,0
0.629999995,0.184201002,0,1,26,0
0.629999995,0.175785005,0,1,53,0
0.629999995,0.172912002,0,1,61,0
0.699999988,0.109981,0,0,26,0
0.699999988,0.137805,0,0,53,0
0.699999988,0.130696997,0,0,56,0
0.540000021,0.003538,0,1,26,0
0.540000021,0.056260001,0,1,53,0
0.540000021,0.11135,0,1,63,1
0.639999986,0.055801,0,0,26,0
0.639999986,0.044039998,0,0,53,0
0.639999986,0.036975998,0,0,61,0
0.589999974,0.072893001,0,0,26,0
0.589999974,0.0298,0,0,53,0
0.589999974,0.062573999,0,0,65,0
0.589999974,0.093000002,0,0,75,0
0.730000019,0.050855,0,0,26,0
0.730000019,0.038741998,0,0,53,0
0.730000019,0.048209999,0,0,65,0
0.730000019,0.070798002,0,0,75,1
0.670000017,0.012109,0,0,26,0
0.670000017,0.027791999,0,0,53,0
0.670000017,0.009084,0,0,64,0
0.660000026,0.139893994,0,0,1,0
0.639999986,0.058687001,0,0,26,0
0.639999986,0.102248996,0,0,53,0
0.639999986,0.095051996,0,0,65,0
0.639999986,0.073880002,0,0,71,0
0.709999979,0.165490001,0,0,26,0
0.709999979,0.166583002,0,0,53,0
0.709999979,0.156742007,0,0,65,0
0.709999979,0.192104995,0,0,75,0
0.589999974,0.028915999,0,1,14,0
0.74000001,0.061875001,0,0,26,0
0.74000001,0.051383998,0,0,53,0
0.74000001,0.025056001,0,0,65,0
0.74000001,0.020865001,0,0,75,0
0.689999998,0.250054002,0,1,26,0
0.689999998,0.255297005,0,1,53,0
0.689999998,0.274958998,0,1,55,0
0.620000005,0.023642,0,1,26,0
0.620000005,0.057045002,0,1,46,0
0.779999971,0.030270001,0,1,20,0
0.75,0.074721999,0,0,26,0
0.75,0.066643,0,0,53,0
0.75,0.085795999,0,0,65,0
0.75,0.084053002,0,0,78,0
0.75,0.103009,0,0,79,0
0.629999995,0.030529,0,0,26,0
0.629999995,0.081923999,0,0,53,0
0.629999995,0.085001998,0,0,65,0
0.629999995,0.113329999,0,0,78,0
0.629999995,0.120784998,0,0,85,0
0.769999981,0.140582994,0,1,26,0
0.769999981,0.279330999,0,1,53,0
0.769999981,0.278950989,0,1,65,0
0.769999981,0.357437015,0,1,78,0
0.769999981,0.361692995,0,1,89,0
0.629999995,0.012006,0,1,26,0
0.629999995,0.010172,0,1,53,0
0.629999995,0.010465,0,1,65,0
0.629999995,0.077464998,0,1,73,0
0.709999979,0.035873,0,0,26,0
0.709999979,0.099036001,0,0,53,0
0.709999979,0.113031,0,0,65,0
0.709999979,0.162266001,0,0,81,0
0.660000026,0.139027998,0,0,26,0
0.660000026,0.225632995,0,0,53,0
0.660000026,0.225816995,0,0,65,0
0.660000026,0.342801005,0,0,78,0
0.660000026,0.26256299,0,0,83,1
0.670000017,0.075753003,0,1,26,0
0.670000017,0.059684001,0,1,53,0
0.670000017,0.0504,0,1,65,0
0.670000017,0.131252006,0,1,75,0
0.660000026,0.077965997,1,1,26,0
0.660000026,0.080789,1,1,53,0
0.660000026,0.092087999,1,1,65,0
0.660000026,0.147084996,1,1,66,0
0.99000001,0.039289001,1,0,26,0
0.99000001,0.127572,1,0,45,0
1,0.31141299,1,1,26,0
1,0.317943007,1,1,53,0
0.5,0.045340002,1,0,26,0
0.5,0.105406001,1,0,53,0
0.5,0.123533003,1,0,65,0
0.5,0.153237,1,0,71,0
1,0.211122006,1,0,26,0
1,0.270815998,1,0,53,0
1,0.262153,1,0,65,0
0.529999971,0.062261,1,0,26,0
0.529999971,0.103918001,1,0,53,0
0.529999971,0.132503003,1,0,65,0
0.529999971,0.157504007,1,0,70,0
1,0.575342,1,1,26,0
1,0.623642981,1,1,53,0
1,0.543416977,1,1,65,0
1,0.682547987,1,1,78,0
1,0.670337975,1,1,88,0
0.730000019,0.29371199,1,0,26,0
0.730000019,0.332266003,1,0,53,0
0.730000019,0.320564002,1,0,65,0
0.730000019,0.378951013,1,0,78,0
0.730000019,0.355623007,1,0,88,0
1,0.223614007,1,0,26,0
1,0.324593991,1,0,53,0
1,0.305061996,1,0,58,0
0.730000019,0.093358003,1,0,26,0
0.730000019,0.090333,1,0,53,0
0.730000019,0.096112996,1,0,65,0
0.730000019,0.150472999,1,0,78,0
0.730000019,0.142909005,1,0,88,0
1,0.166737005,1,0,26,0
1,0.181213006,1,0,53,0
1,0.191651002,1,0,65,0
1,0.222287998,1,0,78,0
1,0.139611006,1,0,88,0
0.709999979,0.016827,1,0,26,0
0.709999979,0.105273999,1,0,53,0
0.709999979,0.10729,1,0,65,0
0.709999979,0.129961997,1,0,78,0
0.709999979,0.102256,1,0,88,0
0.540000021,0.012026,1,1,31,0
0.540000021,0.086065002,1,1,39,0
0.660000026,0.076127,1,0,26,0
0.660000026,0.187132999,1,0,53,0
0.660000026,0.187719002,1,0,65,0
0.660000026,0.283618987,1,0,78,0
0.660000026,0.301128,1,0,88,0
0.689999998,0.206062004,1,1,26,0
0.689999998,0.381603003,1,1,53,0
0.689999998,0.375577986,1,1,65,0
0.689999998,0.424787015,1,1,78,0
0.689999998,0.413495004,1,1,88,0
1,0.256689996,1,1,26,0
1,0.216380998,1,1,31,0
0.600000024,0,1,0,23,0
0.720000029,0.602165997,1,1,26,0
0.670000017,0.088399999,1,1,26,0
0.670000017,0.089264996,1,1,53,0
0.670000017,0.102395996,1,1,65,0
0.670000017,0.120334998,1,1,70,0
0.610000014,0.002934,1,1,26,0
0.610000014,0.002325,1,1,53,0
0.610000014,0.035402,1,1,65,0
0.610000014,0.047226999,1,1,76,0
1,0.179527998,1,1,26,0
1,0.187373996,1,1,39,0
0.600000024,0.031222001,1,1,10,1
0.779999971,0.129871994,1,1,26,0
0.779999971,0.147128999,1,1,53,0
0.779999971,0.239830002,1,1,65,0
0.779999971,0.213257,1,1,69,0
0.579999983,0.055826999,1,0,5,0
0.639999986,0.165069997,1,1,26,0
0.639999986,0.188087001,1,1,43,0
1,0.218866006,1,1,26,0
1,0.282618999,1,1,53,0
1,0.272282988,1,1,65,0
1,0.267284989,1,1,71,0
0.620000005,0.454061002,1,1,8,0
0.629999995,0.519833028,1,1,26,0
0.629999995,0.554853022,1,1,53,0
0.629999995,0.559047997,1,1,56,0
0.600000024,0.003682,0,0,26,0
0.600000024,0.035551,0,0,53,0
0.600000024,0.035477001,0,0,65,0
0.600000024,0.033403002,0,0,75,0
0.629999995,0.024331,0,1,26,0
0.629999995,0.042824,0,1,53,0
0.629999995,0.041529,0,1,65,0
0.629999995,0.066504002,0,1,75,0
0.709999979,0.303606004,0,1,26,0
0.709999979,0.344864011,0,1,53,0
0.709999979,0.353042006,0,1,65,0
0.709999979,0.361009985,0,1,75,0
0.629999995,0.103243001,0,0,26,0
0.629999995,0.138242006,0,0,36,0
0.639999986,0.028616,0,0,26,0
0.639999986,0.064116001,0,0,53,0
0.639999986,0.082624003,0,0,65,0
0.639999986,0.136402994,0,0,72,0
0.629999995,0.016421,0,1,26,0
0.629999995,0.047570001,0,1,53,0
0.629999995,0.078566998,0,1,65,0
0.629999995,0.083917998,0,1,73,0
0.959999979,0.018183,0,1,26,0
0.959999979,0.039956,0,1,53,0
0.959999979,0.031463001,0,1,64,0
0.819999993,1.40E-05,0,1,26,0
0.819999993,0.000611,0,1,53,0
0.819999993,0.001932,0,1,64,0
0.620000005,0.051353,0,1,26,0
0.620000005,0.051052,0,1,53,0
0.620000005,0.107732996,0,1,64,1
0.5,0.011779,0,1,5,1
0.610000014,0.014455,0,1,26,0
0.610000014,0.012849,0,1,53,0
0.610000014,0.014002,0,1,57,0
0.730000019,0.177441999,0,0,26,0
0.730000019,0.212571993,0,0,53,0
0.730000019,0.213441998,0,0,64,0
1,0.220240995,0,1,26,0
1,0.227093995,0,1,53,0
1,0.117425002,0,1,64,0
0.74000001,1.015580058,0,1,26,0
0.74000001,1.052459955,0,1,53,0
0.74000001,1.054350019,0,1,64,0
0.660000026,0.110320002,0,1,26,0
0.660000026,0.247036994,0,1,53,0
0.660000026,0.07412,0,1,64,0
0.720000029,0.116176002,0,0,26,0
0.720000029,0.136517003,0,0,53,0
0.720000029,0.140567005,0,0,64,0
0.639999986,0.148278996,0,1,26,0
0.639999986,0.190777004,0,1,53,1
0.75,0.110289998,0,0,26,0
0.75,0.111550003,0,0,53,0
0.75,0.25641799,0,0,64,0
0.699999988,0.064759001,0,0,26,0
0.699999988,0.082337998,0,0,53,0
0.699999988,0.079728998,0,0,64,0
0.730000019,0.10345,0,0,26,0
0.730000019,0.104534,0,0,53,0
0.730000019,0.113116004,0,0,64,0
0.709999979,0.420253992,0,0,26,0
0.709999979,0.45025301,0,0,53,0
0.709999979,0.452520013,0,0,64,0
0.639999986,0.008675,0,1,26,0
0.639999986,0.01332,0,1,40,0
0.540000021,0.079489999,0,0,26,0
0.540000021,0.128603995,0,0,53,0
0.540000021,0.082245,0,0,64,0
0.639999986,0.420022994,0,1,26,0
0.639999986,0.447304994,0,1,46,0
0.680000007,0.194003999,0,1,26,0
0.680000007,0.206524998,0,1,47,0
0.529999971,0.103014,0,0,1,0
0.639999986,0.01791,0,1,26,0
0.639999986,0.004909,0,1,53,0
0.639999986,0.004226,0,1,64,0
0.769999981,0.103055,0,1,26,0
0.769999981,0.125547007,0,1,53,0
0.769999981,0.143224001,0,1,63,1
0.529999971,0.131143004,0,1,5,0
0.540000021,0.031821001,0,0,25,0
0.600000024,0.00035,0,1,26,0
0.600000024,0.085228004,0,1,53,0
0.600000024,0.129382998,0,1,61,0
0.560000002,0.072323002,0,1,26,0
0.560000002,0.099109001,0,1,53,0
0.560000002,0.095041998,0,1,61,0
0.720000029,0.173235998,0,0,26,0
0.720000029,0.195497006,0,0,35,0
0.610000014,0.113463998,0,0,26,0
0.610000014,0.096291997,0,0,53,0
0.610000014,0.108859003,0,0,65,0
0.610000014,0.116664998,0,0,71,0
0.610000014,0.029736999,0,1,26,0
0.610000014,0.057714999,0,1,53,0
0.610000014,0.087939002,0,1,60,0
0.699999988,0.118807003,0,1,26,0
0.699999988,0.135216996,0,1,53,0
0.699999988,0.170909002,0,1,65,0
0.699999988,0.180502996,0,1,71,0
0.600000024,0.017428,0,1,26,0
0.600000024,0.017858,0,1,53,0
0.600000024,0.025133001,0,1,65,0
1,0.360810012,0,0,26,0
1,0.37697801,0,0,53,0
1,0.37481001,0,0,65,0
1,0.428290009,0,0,78,0
1,0.461084992,0,0,84,0
0.730000019,0.118818,0,1,26,0
0.730000019,0.138108999,0,1,53,0
0.730000019,0.170314997,0,1,54,0
0.730000019,0.007066,0,0,26,0
0.730000019,0.019146999,0,0,53,0
0.730000019,0.015407,0,0,65,0
0.730000019,0.014001,0,0,73,0
0.629999995,0.139032006,0,1,26,0
0.629999995,0.127474993,0,1,53,0
0.629999995,0.128425002,0,1,65,0
0.629999995,0.239921004,0,1,78,0
0.629999995,0.246004,0,1,84,0
0.949999988,0.25060901,0,1,26,0
0.949999988,0.266876012,0,1,53,0
0.949999988,0.279855996,0,1,65,0
0.949999988,0.300411999,0,1,74,0
0.600000024,0,0,1,26,0
0.600000024,0,0,1,53,0
0.600000024,8.60E-05,0,1,57,0
0.689999998,0.026938999,0,1,26,0
0.689999998,0.019721,0,1,42,0
0.74000001,0.178396001,0,0,26,0
0.74000001,0.230295002,0,0,53,0
0.74000001,0.256929994,0,0,62,0
1,0.190742999,0,0,26,0
1,0.244794995,0,0,53,0
1,0.259651005,0,0,65,0
1,0.262308002,0,0,74,0
0.730000019,0.61223501,0,0,26,0
0.730000019,0.660682023,0,0,53,0
0.730000019,0.663523018,0,0,65,0
0.730000019,0.669188023,0,0,74,0
0.579999983,0.013366,0,1,5,1
0.819999993,0.282994986,0,0,26,0
0.819999993,0.280667007,0,0,40,0
0.800000012,0.034582999,0,1,26,0
0.800000012,0.043524999,0,1,53,0
0.800000012,0.011808,0,1,65,0
0.800000012,0.028982,0,1,78,0
0.800000012,0.023241,0,1,90,0
1,0.080115996,0,1,26,0
1,0.125091001,0,1,53,0
1,0.136442006,0,1,65,0
1,0.154740006,0,1,78,0
1,0.142532006,0,1,90,0
0.699999988,0.098582998,0,1,26,0
0.699999988,0.122667,0,1,53,0
0.699999988,0.171031997,0,1,65,0
0.699999988,0.224365994,0,1,74,0
0.839999974,0.02868,0,1,26,0
0.839999974,0.026411001,0,1,53,0
0.839999974,0.014765,0,1,62,1
0.689999998,0.105162002,0,1,26,0
0.689999998,0.097747996,0,1,53,0
0.689999998,0.147318006,0,1,65,0
0.689999998,0.162063003,0,1,78,0
0.689999998,0.140912995,0,1,79,0
1,0.497619987,0,1,26,0
1,0.495521009,0,1,53,0
1,0.631929994,0,1,65,0
1,0.639678001,0,1,78,0
1,1.227949977,0,1,90,0
0.800000012,0.265796989,0,1,26,0
0.800000012,0.219343007,0,1,53,0
0.800000012,0.187856004,0,1,65,0
0.800000012,0.285466999,0,1,78,0
0.800000012,0.303651005,0,1,90,0
1,0.378912985,0,1,26,0
1,0.394172013,0,1,53,0
1,0.412542999,0,1,65,0
1,0.500627995,0,1,78,0
1,0.533379018,0,1,90,0
0.670000017,0.024021,0,1,22,0
0.800000012,0.457828999,0,1,26,0
0.800000012,0.541521013,0,1,53,0
0.800000012,0.547537029,0,1,65,0
0.800000012,0.639595985,0,1,78,0
0.800000012,0.653096974,0,1,90,0
0.5,0.040337998,0,1,6,0
0.709999979,0.112273,0,0,26,0
0.709999979,0.118612997,0,0,53,0
0.709999979,0.101981997,0,0,65,0
0.709999979,0.120952003,0,0,78,0
0.709999979,0.166365996,0,0,89,0
0.720000029,0.064011,0,1,26,0
0.720000029,0.251955986,0,1,53,0
0.720000029,0.267304003,0,1,65,0
0.720000029,0.336091995,0,1,78,0
0.720000029,0.312893003,0,1,85,0
0.680000007,0.184557006,0,1,26,0
0.680000007,0.268249005,0,1,53,0
0.680000007,0.299412996,0,1,65,0
0.680000007,0.418779999,0,1,78,0
0.680000007,0.416592985,0,1,86,0
0.779999971,0.266469985,0,1,26,0
0.779999971,0.378836006,0,1,53,0
0.779999971,0.405342013,0,1,65,0
0.779999971,0.390276998,0,1,67,0
0.75,0.084532999,0,1,26,0
0.75,0.061305001,0,1,53,0
0.75,0.024011999,0,1,63,0
1,0.067932002,0,1,26,0
1,0.075225003,0,1,53,0
1,0.061903998,0,1,65,0
1,0.101903997,0,1,78,0
1,0.066405997,0,1,89,0
0.620000005,0.059893001,0,0,26,0
0.620000005,0.114928,0,0,53,0
0.620000005,0.142299995,0,0,65,0
0.620000005,0.178186998,0,0,78,0
0.620000005,0.200761005,0,0,89,0
0.660000026,0.017394001,0,0,26,0
0.660000026,0.056015,0,0,53,0
0.660000026,0.066319004,0,0,54,1
0.910000026,0.080932997,0,1,26,0
0.910000026,0.018466,0,1,53,0
0.910000026,0.01145,0,1,65,0
0.910000026,0.044477001,0,1,73,0
0.540000021,0.129419997,0,0,26,0
0.540000021,0.154563993,0,0,53,0
0.540000021,0.155853003,0,0,65,0
0.540000021,0.207434997,0,0,78,0
0.540000021,0.209149003,0,0,81,0
0.569999993,0.062809996,0,1,26,0
0.569999993,0.117486,0,1,53,0
0.699999988,0.094633996,0,0,26,0
0.699999988,0.140891001,0,0,53,0
0.699999988,0.155370995,0,0,59,0
0.720000029,0.189518005,0,0,26,0
0.720000029,0.234657004,0,0,53,0
0.720000029,0.245739996,0,0,65,0
0.720000029,0.269021988,0,0,78,0
0.720000029,0.276349008,0,0,82,0
0.579999983,0.109944001,0,1,26,0
0.579999983,0.149195001,0,1,53,0
0.579999983,0.165235996,0,1,65,0
0.579999983,0.207641006,0,1,78,0
0.579999983,0.214792997,0,1,84,0
0.75,0.00151,0,1,26,0
0.75,0.014626,0,1,53,0
0.75,0.024651,0,1,65,0
0.75,0.062334001,0,1,78,0
0.75,0.029902,0,1,84,0
0.720000029,0.241747007,0,1,26,0
0.720000029,0.295029014,0,1,53,0
0.720000029,0.311511993,0,1,65,0
0.720000029,0.334504992,0,1,81,0
0.720000029,0.360478014,0,1,84,1
0.689999998,0.119502999,0,0,26,0
0.689999998,0.133864,0,0,53,0
0.689999998,0.107271999,0,0,65,0
0.689999998,0.147796005,0,0,74,0
0.589999974,0.125340998,0,0,26,0
0.589999974,0.143085003,0,0,53,0
0.589999974,0.112727001,0,0,65,0
0.589999974,0.150012001,0,0,78,0
0.589999974,0.113040999,0,0,84,1
0.529999971,0.161893994,0,1,26,0
0.529999971,0.238637,0,1,44,0
0.620000005,0.185496002,0,1,26,0
0.620000005,0.223333001,0,1,53,0
0.620000005,0.245854005,0,1,65,0
0.620000005,0.262567997,0,1,78,0
0.620000005,0.285214007,0,1,84,0
0.629999995,0.214048997,0,1,26,0
0.629999995,0.223417997,0,1,53,0
0.629999995,0.200449005,0,1,59,0
0.970000029,0.257153004,0,1,26,0
0.970000029,0.268707007,0,1,53,0
0.970000029,0.489542007,0,1,65,0
0.970000029,0.531893015,0,1,78,0
0.970000029,0.523276985,0,1,84,0
0.699999988,0.148975998,0,1,26,0
0.699999988,0.232155994,0,1,53,0
0.699999988,0.221439004,0,1,65,0
0.699999988,0.253886014,0,1,78,0
0.699999988,0.267277002,0,1,84,0
0.75999999,0.624536991,0,0,26,0
0.75999999,0.655651987,0,0,40,0
0.699999988,0.225427002,0,1,26,0
0.699999988,0.280407995,0,1,53,0
0.699999988,0.268646002,0,1,65,0
0.699999988,0.271355003,0,1,78,0
0.699999988,0.264405996,0,1,89,0
0.569999993,0.283663988,0,0,26,0
0.569999993,0.318796992,0,0,53,0
0.569999993,0.301124007,0,0,65,0
0.569999993,0.324995011,0,0,78,0
0.569999993,0.29715699,0,0,80,0
0.720000029,0.189833999,0,1,26,0
0.720000029,0.214503005,0,1,53,0
0.720000029,0.216245994,0,1,65,0
0.720000029,0.259783,0,1,70,0
0.720000029,0.247149006,0,1,12,0
0.629999995,0.280874997,0,1,26,0
0.629999995,0.310975999,0,1,53,0
0.629999995,0.344980001,0,1,65,0
0.629999995,0.399394006,0,1,74,0
0.540000021,0.072985999,0,0,26,0
0.540000021,0.100507997,0,0,53,0
0.540000021,0.084515996,0,0,61,1
0.74000001,0.329396009,0,1,26,0
0.74000001,0.347842991,0,1,41,0
0.709999979,0.081404999,0,1,26,0
0.709999979,0.071878001,0,1,53,0
0.709999979,0.057195,0,1,65,0
0.709999979,0.078833997,0,1,71,0
0.660000026,0.037537001,0,0,26,0
0.660000026,0.101310998,0,0,35,0
0.620000005,0.029323,0,1,26,0
0.620000005,0.248565003,0,1,53,0
0.620000005,0.244457006,0,1,65,0
0.620000005,0.186875999,0,1,66,1
0.709999979,0.269845992,0,1,26,0
0.709999979,0.317243993,0,1,53,0
0.709999979,0.325767994,0,1,65,0
0.709999979,0.35195899,0,1,71,0
0.699999988,0.170441002,0,1,26,0
0.699999988,0.230655998,0,1,53,0
0.699999988,0.229266003,0,1,65,0
0.699999988,0.229742005,0,1,78,0
0.699999988,0.263258994,0,1,84,0
0.589999974,0.161891997,0,0,26,0
0.589999974,0.255816013,0,0,53,0
0.589999974,0.261427999,0,0,65,0
0.589999974,0.275041997,0,0,75,0
0.529999971,0.056138001,0,0,26,0
0.529999971,0.08495,0,0,44,0
0.579999983,0.077734999,0,0,26,0
0.579999983,0.078551002,0,0,27,0
0.670000017,0.115308002,0,1,26,0
0.670000017,0.146382004,0,1,53,0
0.670000017,0.175871,0,1,65,0
0.670000017,0.205651,0,1,66,0
0.779999971,0.356503993,1,1,26,0
0.779999971,0.435184002,1,1,53,0
0.779999971,0.445863992,1,1,65,0
0.779999971,0.449173987,1,1,70,0
0.639999986,0.00069,1,1,26,0
0.639999986,0.0022,1,1,53,0
0.639999986,0.071497999,1,1,65,0
0.639999986,0.078106001,1,1,75,0
0.879999995,0.124306999,1,1,26,0
0.879999995,0.116627,1,1,53,0
0.879999995,0.111928001,1,1,65,0
0.879999995,0.178391993,1,1,75,0
0.540000021,0.007202,1,1,26,0
0.540000021,0.078152999,1,1,53,0
0.540000021,0.111626998,1,1,65,0
0.540000021,0.010342,1,1,75,0
0.810000002,0,1,1,26,0
0.810000002,0.003453,1,1,34,0
0.600000024,0.138414994,0,1,26,0
0.600000024,0.142752007,0,1,53,0
0.600000024,0.122755997,0,1,61,0
0.550000012,0.085813001,0,0,20,0
0.649999976,0.294636011,1,1,26,0
0.649999976,0.297226995,1,1,53,0
0.649999976,0.322088003,1,1,57,0
1,0.075739004,1,1,26,0
1,0.064542003,1,1,53,0
1,0.082872003,1,1,58,0
1,0.121951997,1,1,26,0
1,0.131070003,1,1,43,0
0.579999983,0.042720001,1,1,26,0
0.579999983,0.075933002,1,1,53,0
0.579999983,0.106008999,1,1,58,0
0.519999981,0.024541,1,1,26,0
0.519999981,0.123250999,1,1,53,0
0.519999981,0.130614996,1,1,56,0
0.620000005,0.021795999,1,0,26,0
0.620000005,0.039997999,1,0,53,0
0.620000005,0.053847,1,0,58,0
0.670000017,0.432372004,1,1,26,0
0.670000017,0.438719988,1,1,53,0
0.670000017,0.442099005,1,1,65,0
0.670000017,0.514405012,1,1,71,0
0.519999981,0.164767995,1,1,26,0
0.519999981,0.234685004,1,1,53,0
0.519999981,0.237480998,1,1,59,0
0.649999976,0.130654007,1,0,26,0
0.649999976,0.153955996,1,0,53,0
0.649999976,0.164964005,1,0,65,0
0.649999976,0.218263,1,0,71,0
0.610000014,0.034662001,1,0,26,0
0.610000014,0.048691001,1,0,53,0
0.610000014,0.054673001,1,0,63,0
0.5,0.003608,1,0,26,0
0.5,0.047228001,1,0,53,0
0.5,0.060984001,1,0,65,0
0.5,0.061462998,1,0,68,1
0.699999988,0.25395599,0,1,26,0
0.699999988,0.323258996,0,1,53,0
0.699999988,0.304903001,0,1,65,0
0.699999988,0.370819986,0,1,66,0
0.660000026,0.062913999,0,0,26,0
0.660000026,0.081064001,0,0,38,0
0.5,0.006518,0,1,26,0
0.5,0.119161002,0,1,52,0
0.560000002,0.015628001,0,0,26,0
0.560000002,0.030571001,0,0,53,0
0.560000002,0.030113,0,0,60,0
0.649999976,0.171362996,0,1,26,0
0.649999976,0.186612993,0,1,53,0
0.649999976,0.189916,0,1,65,0
0.649999976,0.250663996,0,1,75,0
0.50999999,0.015244,0,1,26,0
0.50999999,0.020835999,0,1,53,0
0.50999999,0.066707999,0,1,65,0
0.50999999,0.122412004,0,1,71,1
0.649999976,0.082604997,0,0,26,0
0.649999976,0.085063003,0,0,53,0
0.649999976,0.112126999,0,0,61,0
0.75,0.096399002,0,0,26,0
0.75,0.150078997,0,0,53,0
0.75,0.156605005,0,0,65,0
0.75,0.179909006,0,0,75,0
0.610000014,0.057100002,0,1,26,0
0.610000014,0.091794997,0,1,53,0
0.610000014,0.087718002,0,1,65,0
0.610000014,0.112291001,0,1,75,0
0.74000001,0.76670301,0,0,26,0
0.74000001,0.879737973,0,0,53,0
0.74000001,0.933986008,0,0,65,0
0.74000001,0.93383503,0,0,75,0
1,0.567655981,0,1,26,0
1,0.547595978,0,1,53,0
1,0.525934994,0,1,65,0
1,0.57100302,0,1,75,0
0.670000017,0.569809973,0,1,26,0
0.670000017,0.576811016,0,1,53,0
0.670000017,0.624388993,0,1,65,0
0.670000017,1.688320041,0,1,70,0
0.769999981,0.132340997,0,1,26,0
0.769999981,0.132477999,0,1,53,0
0.769999981,0.186225995,0,1,65,0
0.769999981,0.218713,0,1,75,0
0.699999988,0.192983001,0,0,26,0
0.699999988,0.168000996,0,0,53,0
0.699999988,0.178615004,0,0,65,0
0.699999988,0.272298992,0,0,70,0
0.689999998,0.188734993,0,0,6,1
0.670000017,0.167088002,0,1,26,0
0.670000017,0.25186801,0,1,53,0
0.670000017,0.243399993,0,1,65,0
0.670000017,0.360496014,0,1,75,0
0.5,0.024214,0,0,26,0
0.5,0.037255,0,0,29,1
1,0.103600003,0,0,26,0
1,0.118399002,0,0,53,0
1,0.146362007,0,0,65,0
1,0.184258997,0,0,75,0
0.730000019,0.232552007,0,1,26,0
0.730000019,0.271622986,0,1,53,0
0.730000019,0.285427004,0,1,64,0
0.629999995,0.018362001,0,1,26,0
0.629999995,0.132994995,0,1,53,0
0.629999995,0.030696999,0,1,65,0
0.629999995,0.056527,0,1,71,0
0.569999993,0.015869001,0,0,26,0
0.569999993,0.006873,0,0,53,0
0.569999993,0.011955,0,0,65,0
0.569999993,0.035626002,0,0,71,1
0.5,0.015006,0,1,26,0
0.5,0.161385998,0,1,53,0
0.5,0.225869998,0,1,65,0
0.5,0.300765991,0,1,78,0
0.5,0.334560007,0,1,82,0
0.610000014,0.474754989,0,1,26,0
0.610000014,0.442705005,0,1,53,0
0.610000014,0.476817012,0,1,65,0
0.610000014,0.537858009,0,1,78,0
0.610000014,0.536673009,0,1,89,0
0.569999993,0.239695996,0,1,2,0
0.699999988,0.489257008,0,0,26,0
0.699999988,0.600166023,0,0,53,0
0.699999988,0.604560018,0,0,65,0
0.699999988,0.66187501,0,0,78,0
0.699999988,0.740918994,0,0,89,0
0.649999976,0.333413988,0,0,26,0
0.649999976,0.337729007,0,0,53,0
0.649999976,0.334825009,0,0,65,0
0.649999976,0.429879993,0,0,74,0
0.860000014,0.018061001,0,1,26,0
0.860000014,0.023363,0,1,57,0
0.860000014,0.034221999,0,1,65,0
0.860000014,0.046225,0,1,78,0
0.860000014,0.041460998,0,1,89,0
1,0.269356996,0,1,26,0
1,0.241665006,0,1,53,0
1,0.211300999,0,1,65,0
1,0.278966993,0,1,78,0
1,0.298943996,0,1,89,0
1,0.00373,0,1,26,0
1,0.001763,0,1,53,0
1,0.016713001,0,1,65,0
1,0.035332002,0,1,78,0
1,0.027372001,0,1,89,0
1,0.244553,0,1,26,0
1,0.322416991,0,1,53,0
1,0.296146989,0,1,65,0
1,0.406962007,0,1,78,0
1,0.483850986,0,1,89,0
0.779999971,0.905128002,0,1,26,0
0.779999971,1.241840005,0,1,53,0
0.779999971,1.360200047,0,1,65,0
0.779999971,1.417700052,0,1,78,0
0.779999971,1.478360057,0,1,89,0
0.879999995,0.093578003,0,1,26,0
0.879999995,0.103285998,0,1,53,0
0.879999995,0.085173003,0,1,65,0
0.879999995,0.118427999,0,1,78,0
0.879999995,0.128814995,0,1,89,0
0.930000007,0.019562,0,1,26,0
0.930000007,0.016376,0,1,53,0
0.930000007,0.01386,0,1,65,0
0.930000007,0.021032,0,1,78,0
0.930000007,0.019556999,0,1,89,0
0.74000001,1.16305995,0,1,26,0
0.74000001,1.393260002,0,1,53,0
0.74000001,1.468219995,0,1,65,0
0.74000001,1.497210026,0,1,78,0
0.74000001,1.648679972,0,1,89,0
0.600000024,0,0,0,26,0
0.600000024,0.012202,0,0,53,0
0.600000024,0.040998001,0,0,65,0
0.600000024,0.021802999,0,0,77,0
0.610000014,0.157323003,0,0,26,0
0.610000014,0.243935004,0,0,53,0
0.610000014,0.297998011,0,0,65,0
0.610000014,0.34623,0,0,76,0
0.970000029,0.438347995,0,1,26,0
0.970000029,0.331198007,0,1,53,0
0.970000029,0.351301998,0,1,65,0
0.970000029,0.438867003,0,1,78,0
0.970000029,0.356846005,0,1,89,1
0.839999974,0.037590001,0,1,26,0
0.839999974,0.077462003,0,1,53,0
0.839999974,0.067521997,0,1,65,0
0.839999974,0.061407998,0,1,71,0
0.930000007,0,0,1,26,0
0.930000007,0.033199001,0,1,53,0
0.930000007,0.041285001,0,1,65,0
0.930000007,0.01998,0,1,78,0
0.930000007,0.012411,0,1,89,0
0.560000002,0.006986,0,1,26,0
0.560000002,0.020847,0,1,53,0
0.560000002,0.045699999,0,1,65,0
0.560000002,0.047015999,0,1,78,0
0.560000002,0.000775,0,1,89,0
0.5,0.060644999,0,1,26,0
0.5,0.219754994,0,1,53,0
0.5,0.361786991,0,1,65,0
0.5,0.449357003,0,1,78,0
0.5,0.551932991,0,1,82,0
0.74000001,0.157790005,0,0,26,0
0.74000001,0.147815004,0,0,53,0
0.74000001,0.144704998,0,0,65,0
0.74000001,0.223554999,0,0,78,0
0.74000001,0.198837996,0,0,89,0
0.699999988,0.150172994,0,0,26,0
0.699999988,0.153546005,0,0,53,0
0.699999988,0.164455995,0,0,65,0
0.699999988,0.207072005,0,0,78,0
0.699999988,0.162102997,0,0,89,1
0.610000014,0.021811999,0,1,26,0
0.610000014,0.054515999,0,1,53,0
0.610000014,0.052219,0,1,65,0
0.610000014,0.116572998,0,1,75,0
0.720000029,0.124917999,0,0,26,0
0.720000029,0.131730005,0,0,46,0
1,0.190538004,0,0,26,0
1,0.221640006,0,0,53,0
1,0.232363001,0,0,65,0
1,0.238741994,0,0,78,0
1,0.214959994,0,0,89,0
0.75,0.060672998,0,0,26,0
0.75,0.060281001,0,0,53,0
0.75,0.056632999,0,0,65,0
0.75,0.055039,0,0,78,0
0.75,0.048025999,0,0,89,0
0.569999993,0.023910001,0,0,26,0
0.569999993,0.046831999,0,0,53,0
0.569999993,0.071699001,0,0,65,0
0.569999993,0.069968,0,0,71,0
0.930000007,0.123264998,0,1,26,0
0.930000007,0.131834999,0,1,53,0
0.930000007,0.127817005,0,1,65,0
0.930000007,0.164366007,0,1,78,0
0.930000007,0.164761007,0,1,82,0
0.680000007,0.126105994,0,0,26,0
0.680000007,0.165179998,0,0,53,0
0.680000007,0.139410004,0,0,65,0
0.680000007,0.130777001,0,0,78,0
0.680000007,0.158135995,0,0,89,0
0.560000002,0.040187001,0,1,26,0
0.560000002,0.102168001,0,1,53,0
0.560000002,0.140599996,0,1,65,0
0.560000002,0.200924993,0,1,78,0
0.560000002,0.074643001,0,1,83,0
0.529999971,0.024388,0,0,26,0
0.529999971,0.148019999,0,0,53,0
0.529999971,0.165496007,0,0,65,0
0.529999971,0.246939003,0,0,78,0
0.529999971,0.319263011,0,0,80,0
0.720000029,0.497076988,0,1,26,0
0.720000029,0.516075015,0,1,53,0
0.720000029,0.522265971,0,1,65,0
0.720000029,0.54895401,0,1,78,0
0.720000029,0.622448981,0,1,89,0
1,0.179322004,0,1,26,0
1,0.205627993,0,1,53,0
1,0.198431,0,1,65,0
1,0.221874997,0,1,78,0
1,0.229623005,0,1,89,0
0.959999979,0.148056999,0,0,26,0
0.959999979,0.179041997,0,0,53,0
0.959999979,0.202005997,0,0,65,0
0.959999979,0.269380003,0,0,73,0
0.720000029,0.383295,0,0,26,0
0.720000029,0.408104002,0,0,53,0
0.720000029,0.397004008,0,0,65,0
0.720000029,0.468605995,0,0,71,0
0.75999999,0.262483001,0,1,26,0
0.75999999,0.287532985,0,1,53,0
0.75999999,0.272825986,0,1,65,0
0.75999999,0.289626002,0,1,71,0
1,0.211293995,0,0,26,0
1,0.310375005,0,0,53,0
1,0.297674,0,0,63,0
0.600000024,0.017217999,0,0,26,0
0.600000024,0.035523999,0,0,53,0
0.600000024,0.038343001,0,0,65,0
0.600000024,0.076109998,0,0,69,0
0.74000001,0.004121,0,0,26,0
0.74000001,0.005333,0,0,53,0
0.74000001,0.040539999,0,0,65,0
0.74000001,0.054852001,0,0,71,0
0.810000002,0.033199001,0,1,26,0
0.810000002,0.028919,0,1,53,0
0.810000002,0.034658998,0,1,65,0
0.810000002,0.068177998,0,1,71,0
0.709999979,0.098004997,0,0,26,0
0.709999979,0.105581,0,0,53,0
0.709999979,0.113293,0,0,65,0
0.709999979,0.144494995,0,0,71,0
0.610000014,0.144311994,0,1,26,0
0.610000014,0.167107999,0,1,53,0
0.610000014,0.226049006,0,1,61,0
0.800000012,0.089762002,0,0,26,0
0.800000012,0.093978003,0,0,53,0
0.800000012,0.135250002,0,0,65,0
0.689999998,0.265008003,0,1,18,0
0.74000001,0.058531001,0,1,26,0
0.74000001,0.050446998,0,1,53,0
0.74000001,0.085152999,0,1,65,0
0.74000001,0.121634997,0,1,71,1
0.75,0.01887,0,0,26,0
0.75,0.065637998,0,0,53,0
0.75,0.066886999,0,0,65,0
0.75,0.105355002,0,0,67,0
0.779999971,0.090786003,0,0,26,0
0.779999971,0.089918002,0,0,53,0
0.779999971,0.087079003,0,0,65,0
0.779999971,0.083796002,0,0,67,0
0.769999981,0.049015,0,1,26,0
0.769999981,0.065422997,0,1,53,0
0.769999981,0.060394,0,1,65,0
0.769999981,0.056239001,0,1,71,0
0.769999981,0.130934,0,1,26,0
0.769999981,0.139381006,0,1,53,0
0.769999981,0.134499997,0,1,65,0
0.769999981,0.139351994,0,1,71,0
0.699999988,0.182076007,0,1,26,0
0.699999988,0.170909002,0,1,53,0
0.699999988,0.181443006,0,1,65,0
0.699999988,0.214349002,0,1,71,0
0.819999993,0.016241999,0,1,26,0
0.819999993,0.039048001,0,1,53,0
0.819999993,0.026462,0,1,61,0
0.819999993,0.052728999,0,1,71,0
0.850000024,0.212559,0,1,26,0
0.850000024,0.208536997,0,1,53,0
0.850000024,0.195224002,0,1,65,0
0.850000024,0.241273001,0,1,71,0
0.519999981,0.024289001,0,0,2,0
0.639999986,0.084738001,0,1,26,0
0.639999986,0.104327001,0,1,53,0
0.639999986,0.108539999,0,1,65,0
0.639999986,0.172690004,0,1,78,0
0.639999986,0.093906999,0,1,81,0
1,0.121942997,0,1,26,0
1,0.144589007,0,1,53,0
1,0.180655003,0,1,57,0
1,0.201383993,0,1,78,0
0.720000029,0.037369002,0,0,26,0
0.720000029,0.059927002,0,0,53,0
0.720000029,0.065045998,0,0,65,0
0.720000029,0.061326999,0,0,78,0
0.720000029,0.066688001,0,0,80,1
0.730000019,0.259903997,0,1,26,0
0.730000019,0.271272004,0,1,53,0
0.730000019,0.296077996,0,1,65,0
0.730000019,0.33207199,0,1,78,0
0.730000019,0.337388992,0,1,87,0
0.689999998,0.242211998,0,1,26,0
0.689999998,0.373959988,0,1,53,0
0.689999998,0.335123003,0,1,65,0
0.620000005,0.089011997,0,0,26,0
0.620000005,0.140139997,0,0,53,0
0.620000005,0.173571005,0,0,65,0
0.620000005,0.178227007,0,0,72,0
1,0.704055011,0,1,26,0
1,0.714911997,0,1,53,0
1,0.655606985,0,1,65,0
1,0.641864002,0,1,72,0
0.709999979,0.077473998,0,1,26,0
0.709999979,0.105520003,0,1,53,0
0.709999979,0.109065004,0,1,65,0
0.709999979,0.147750005,0,1,72,0
0.5,0.080477998,0,0,26,0
0.5,0.119746,0,0,40,1
0.75999999,0.120637998,0,1,26,0
0.75999999,0.258471996,0,1,53,0
0.75999999,0.320360005,0,1,65,0
0.75999999,0.35165599,0,1,72,0
0.930000007,0.119318999,0,1,26,0
0.930000007,0.032648999,0,1,53,0
0.930000007,0.190072,0,1,65,0
0.930000007,0.071492001,0,1,72,0
0.939999998,0.137226,0,1,26,0
0.939999998,0.168312997,0,1,33,0
0.689999998,0.168068007,0,1,26,0
0.689999998,0.181189001,0,1,53,0
0.689999998,0.180454001,0,1,65,0
0.689999998,0.196702003,0,1,72,0
0.779999971,0.347779006,0,0,26,0
0.779999971,0.356011987,0,0,53,0
0.779999971,0.309542,0,0,65,0
0.779999971,0.382472008,0,0,70,0
0.629999995,0.148607001,0,1,24,0
0.670000017,0.049520999,0,0,21,0
0.560000002,0.081350997,0,1,15,0
1,0.104073003,0,0,26,0
1,0.174594998,0,0,53,0
1,0.209610999,0,0,65,0
1,0.156375006,0,0,72,0
0.730000019,0.311964989,0,0,26,0
0.730000019,0.318226993,0,0,53,0
0.730000019,0.295652986,0,0,65,0
0.730000019,0.326752007,0,0,72,0
1,0.218447,0,1,26,0
1,0.245819002,0,1,53,0
1,0.274015993,0,1,65,0
1,0.106439002,0,1,72,0
1,0.30637601,0,1,26,0
1,0.256392002,0,1,53,0
1,0.138785005,0,1,65,0
1,0.105722003,0,1,72,0
0.660000026,0.251911998,0,0,26,0
0.660000026,0.260845989,0,0,53,0
0.660000026,0.299385011,0,0,65,0
0.660000026,0.376911014,0,0,68,0
0.779999971,0.171789005,0,1,26,0
0.779999971,0.150018007,0,1,53,0
0.779999971,0.149974003,0,1,65,0
0.779999971,0.161568999,0,1,72,0
0.569999993,0.066969998,0,0,5,0
0.569999993,0.069720998,0,0,53,0
0.569999993,0.080689996,0,0,57,0
0.730000019,0.030471999,0,0,26,0
0.730000019,0.05548,0,0,53,0
0.730000019,0.055103999,0,0,65,0
0.730000019,0.052118,0,0,72,0
1,0.122033,0,0,26,0
1,0.138797998,0,0,53,0
1,0.134085998,0,0,65,0
1,0.127722993,0,0,72,0
0.620000005,0.111603998,0,1,12,0
0.769999981,0.001608,0,0,26,0
0.769999981,0.010735,0,0,53,0
0.769999981,0.007732,0,0,65,0
0.769999981,0.016294001,0,0,72,0
0.980000019,0.081605002,0,1,26,0
0.980000019,0.114555001,0,1,53,0
0.980000019,0.123117998,0,1,65,0
0.980000019,0.122887,0,1,72,0
0.779999971,0.150071993,0,0,26,0
0.779999971,0.165202007,0,0,53,0
0.779999971,0.186063007,0,0,65,0
0.779999971,0.201532006,0,0,72,0
0.959999979,0.085887,0,1,26,0
0.959999979,0.081453003,0,1,53,0
0.959999979,0.081584997,0,1,65,0
0.959999979,0.098439999,0,1,70,0
0.620000005,0.092336997,0,0,26,0
0.620000005,0.126727998,0,0,53,0
0.620000005,0.131294996,0,0,65,0
0.620000005,0.161146,0,0,70,0
0.560000002,0.022593001,0,0,18,0
0.629999995,0.188428,1,0,26,0
0.629999995,0.240658998,1,0,53,0
0.629999995,0.258668989,1,0,65,0
0.629999995,0.277355999,1,0,74,0
0.519999981,0.026691999,1,0,26,0
0.519999981,0.033270001,1,0,53,0
0.519999981,0.048757002,1,0,65,0
0.519999981,0.052638002,1,0,76,0
0.529999971,0.194859996,1,1,26,0
0.529999971,0.183055997,1,1,53,0
0.529999971,0.247446999,1,1,61,0
0.519999981,0.003909,1,1,26,0
0.519999981,0.01025,1,1,53,0
0.519999981,0.056058001,1,1,65,0
0.519999981,0.101187997,1,1,71,1
0.689999998,0.182750002,1,1,26,0
0.689999998,0.224757001,1,1,53,0
0.689999998,0.225422993,1,1,65,0
0.689999998,0.182037994,1,1,76,0
0.75999999,0.200708002,1,1,26,0
0.75999999,0.260482013,1,1,53,0
0.75999999,0.295769006,1,1,65,0
0.75999999,0.319552004,1,1,76,0
0.709999979,0.103248,0,1,24,1
0.800000012,0.82812798,1,0,26,0
0.800000012,0.881703973,1,0,53,0
0.800000012,0.875913024,1,0,65,0
0.800000012,0.972132027,1,0,78,0
0.800000012,1.025599957,1,0,83,0
0.560000002,0.027590999,1,0,26,0
0.560000002,0.040274002,1,0,53,0
0.560000002,0.098819003,1,0,65,0
0.560000002,0.134490997,1,0,78,0
0.560000002,0.162974,1,0,83,0
0.569999993,0.036706999,1,1,26,0
0.569999993,0.144125,1,1,53,0
0.569999993,0.149939999,1,1,65,0
0.569999993,0.221336007,1,1,78,0
0.569999993,0.218900993,1,1,83,0
1,0.075080998,1,1,26,0
1,0.083003998,1,1,53,0
1,0.092959002,1,1,65,0
1,0.099905998,1,1,78,0
1,0.140377,1,1,83,0
1,0.029711001,1,1,26,0
1,0.169358,1,1,53,0
1,0.156498,1,1,65,0
1,0.160854995,1,1,78,0
1,0.168555006,1,1,83,0
0.75999999,0.274854004,1,1,26,0
0.75999999,0.383560985,1,1,53,0
0.75999999,0.393505007,1,1,65,0
0.75999999,0.529155016,1,1,78,0
0.75999999,0.565293014,1,1,83,0
0.800000012,0.256806999,1,0,26,0
0.800000012,0.439310998,1,0,53,0
0.800000012,0.451990992,1,0,65,0
0.800000012,0.455621004,1,0,78,0
0.800000012,0.549722016,1,0,83,0
0.620000005,0.033771999,1,1,26,0
0.620000005,0.153304994,1,1,53,0
0.620000005,0.188801005,1,1,65,0
0.620000005,0.203837007,1,1,78,0
0.620000005,0.215066001,1,1,83,0
0.810000002,0.000276,1,1,26,0
0.810000002,0.006486,1,1,53,0
0.810000002,0.010419,1,1,65,0
0.810000002,0.010682,1,1,78,0
0.810000002,0.007007,1,1,83,0
0.620000005,0.042982001,1,1,26,0
0.620000005,0.086925998,1,1,49,0
0.870000005,0.093183003,1,1,26,0
0.870000005,0.051833,1,1,53,0
0.810000002,0.105472997,1,0,26,0
0.810000002,0.231904998,1,0,53,0
0.810000002,0.217846006,1,0,63,0
0.660000026,0.134853005,1,1,26,0
0.660000026,0.198893994,1,1,53,0
0.660000026,0.186008006,1,1,63,0
0.600000024,0,1,1,26,0
0.600000024,0.306163013,1,1,31,1
0.670000017,0.271227986,1,0,26,0
0.670000017,0.460042,1,0,53,0
0.670000017,0.485561997,1,0,54,0
0.790000021,0.612824023,1,0,26,0
0.790000021,0.644472003,1,0,53,0
0.790000021,0.629428983,1,0,63,0
1,0.110724002,1,0,26,0
1,0.082390003,1,0,53,0
1,0.112483002,1,0,63,0
1,0.449990004,1,1,26,0
1,0.527629018,1,1,50,1
0.930000007,0.116742,1,1,26,0
0.930000007,0.182344005,1,1,51,0
0.709999979,0.015703,1,1,26,0
0.709999979,0.001217,1,1,53,0
0.709999979,0.050971001,1,1,61,0
0.519999981,0.000984,1,1,26,0
0.519999981,0.009485,1,1,50,1
0.529999971,0.001093,1,1,9,0
0.930000007,0.161732003,1,1,26,0
0.930000007,0.148387998,1,1,53,0
0.930000007,0.152358994,1,1,63,0
1,0.002515,1,1,26,0
1,0.00714,1,1,53,0
1,0.011211,1,1,63,0
1,0.084077999,1,1,26,0
1,0.058784999,1,1,53,0
1,0.050868999,1,1,63,0
0.99000001,0,1,1,26,0
0.99000001,0.018214,1,1,53,0
0.99000001,0.026062001,1,1,63,0
0.670000017,0.047518998,1,0,26,0
0.670000017,0.092187002,1,0,53,0
0.670000017,0.089607999,1,0,63,0
0.699999988,0.001165,1,1,26,0
0.699999988,0.065181002,1,1,53,0
0.699999988,0.058065001,1,1,63,0
0.930000007,0.216402993,1,0,26,0
0.930000007,0.267010987,1,0,53,0
0.670000017,0.077698998,1,0,26,0
0.670000017,0.116130002,1,0,53,0
0.670000017,0.142535001,1,0,63,0
0.639999986,0.179463997,1,1,18,0
0.920000017,0.274670988,1,1,26,0
0.920000017,0.384705007,1,1,53,0
0.920000017,0.359908015,1,1,63,0
0.709999979,0.525299013,1,1,26,0
0.709999979,0.670162022,1,1,53,0
0.709999979,0.678762019,1,1,63,0
0.689999998,0.136041999,1,0,26,0
0.689999998,0.159018993,1,0,53,0
0.689999998,0.198538005,1,0,61,0
1,0.205241993,1,1,26,0
1,0.213894993,1,1,53,0
1,0.216023996,1,1,63,0
0.589999974,0.014187,0,0,26,0
0.589999974,0.008981,0,0,49,0
0.569999993,0.056937002,0,1,26,0
0.569999993,0.073904999,0,1,53,1
0.730000019,0.039778002,1,0,26,0
0.730000019,0.060495999,1,0,53,0
0.730000019,0.053328998,1,0,65,0
0.730000019,0.084357001,1,0,75,0
0.600000024,0.042027,1,1,26,0
0.600000024,0.081270002,1,1,53,0
0.600000024,0.077909,1,1,65,0
0.600000024,0.147749007,1,1,76,0
1,0.157141,1,0,26,0
1,0.167403996,1,0,49,0
1,0.367359012,1,1,26,0
1,0.363561004,1,1,53,0
1,0.368963003,1,1,65,0
1,0.405923009,1,1,76,0
0.540000021,0.021326,1,1,26,0
0.540000021,0.033744,1,1,53,0
0.540000021,0.031870998,1,1,65,0
0.540000021,0.124945,1,1,76,0
0.629999995,0.03215,1,1,26,0
0.629999995,0.051391002,1,1,53,0
0.629999995,0.109766997,1,1,65,0
0.629999995,0.100206003,1,1,76,0
1,0.202503994,1,0,26,0
1,0.232545003,1,0,53,0
0.620000005,0.136050999,1,0,26,0
0.620000005,0.126429006,1,0,51,1
0.629999995,0.200487003,1,1,26,0
0.629999995,0.232902005,1,1,53,0
0.629999995,0.355655998,1,1,65,0
0.629999995,0.39457199,1,1,76,0
0.680000007,0.069881,1,0,26,0
0.680000007,0.075094,1,0,53,0
0.680000007,0.090327002,1,0,65,0
0.680000007,0.164708003,1,0,73,0
0.550000012,0.002427,0,0,26,0
0.550000012,0.037978999,0,0,42,1
1,0.194773003,0,1,26,0
1,0.234591007,0,1,53,0
1,0.229536995,0,1,65,0
1,0.316837996,0,1,78,0
1,0.276845992,0,1,81,0
0.5,0.01375,0,1,26,0
0.5,0.103817999,0,1,53,1
0.74000001,0.157271996,0,0,26,0
0.74000001,0.169716999,0,0,53,0
0.74000001,0.199699998,0,0,65,0
0.74000001,0.203462005,0,0,78,0
0.74000001,0.201121002,0,0,90,0
0.75999999,0.639515996,0,1,26,0
0.75999999,0.704836011,0,1,42,0
0.670000017,0.262041986,0,1,26,0
0.670000017,0.314280003,0,1,53,0
0.670000017,0.31090501,0,1,65,0
0.670000017,0.375077993,0,1,78,0
0.670000017,0.246270001,0,1,90,0
0.75999999,0.007836,0,1,26,0
0.75999999,0.050581999,0,1,53,0
0.75999999,0.057932001,0,1,65,0
0.75999999,0.139962003,0,1,78,0
0.75999999,0.065805003,0,1,90,0
0.699999988,0.112420999,0,0,26,0
0.699999988,0.143515006,0,0,53,0
0.699999988,0.142809004,0,0,65,0
0.699999988,0.223124996,0,0,78,0
0.699999988,0.231088996,0,0,82,0
0.75999999,0.138475001,0,1,26,0
0.75999999,0.230509996,0,1,53,0
0.75999999,0.249423996,0,1,65,0
0.75999999,0.308791995,0,1,78,0
0.75999999,0.288197994,0,1,89,0
0.579999983,0.028794,0,1,26,0
0.579999983,0.02857,0,1,53,0
0.579999983,0.060626,0,1,65,0
0.579999983,0.096694998,0,1,70,0
0.680000007,0.06724,0,0,26,0
0.680000007,0.089133002,0,0,53,0
0.680000007,0.070211001,0,0,65,0
0.680000007,0.129186004,0,0,67,0
1,0.186266005,0,1,26,0
1,0.194487005,0,1,53,0
1,0.193435997,0,1,65,0
1,0.225186005,0,1,70,0
0.639999986,0.072447002,0,1,26,0
0.639999986,0.138742998,0,1,53,0
0.639999986,0.173940003,0,1,65,0
0.639999986,0.252754003,0,1,78,0
0.639999986,0.282081991,0,1,80,0
0.74000001,0.29697901,0,0,26,0
0.74000001,0.339978993,0,0,53,0
0.74000001,0.339691013,0,0,65,0
0.74000001,0.373791993,0,0,78,0
0.74000001,0.394158989,0,0,89,0
0.610000014,0.232687995,0,1,26,0
0.610000014,0.307182014,0,1,53,0
0.610000014,0.36432299,0,1,65,0
0.610000014,0.442860007,0,1,78,0
0.610000014,0.436232001,0,1,80,1
0.689999998,0.198073,0,0,26,0
0.689999998,0.261346012,0,0,35,1
0.74000001,0.166191995,0,0,26,0
0.74000001,0.201303005,0,0,53,0
0.74000001,0.229634002,0,0,65,0
0.74000001,0.266970992,0,0,78,0
0.74000001,0.294369012,0,0,89,0
0.74000001,0.078502998,0,1,24,0
1,0.082028002,0,1,26,0
1,0.064718001,0,1,53,0
1,0.096490003,0,1,57,0
0.74000001,0.063026004,0,1,26,0
0.74000001,0.079977997,0,1,53,0
0.74000001,0.092533998,0,1,65,0
0.74000001,0.131871998,0,1,71,0
0.610000014,0.465977997,0,1,26,0
0.610000014,0.481236011,0,1,53,0
0.610000014,0.47923699,0,1,56,0
0.550000012,0.074878,0,0,26,0
0.550000012,0.092472002,0,0,53,0
0.550000012,0.147540003,0,0,65,0
